date,pred_dir,spx_close,daily_change_pct,real_dir_class,rsi,bb_width,atr,trend_ema9,vix_close,vix_mean
2026-02-25,FLAT,6927.59,0.18,FLAT,54.22,0.0316,67.88,ABOVE_EMA9,18.77,19.13
2026-02-24,FLAT,6877.97,0.59,UP,48.72,0.0330,69.03,ABOVE_EMA9,21.28,19.17
2026-02-23,DOWN,6863.51,-0.55,DOWN,47.00,0.0334,69.23,BELOW_EMA9,19.92,18.96
2026-02-20,UP,6854.20,0.16,FLAT,45.92,0.0329,69.73,BELOW_EMA9,20.80,18.86
2026-02-19,DOWN,6867.32,0.09,FLAT,47.18,0.0321,72.50,BELOW_EMA9,20.47,18.67
2026-02-18,UP,6862.60,0.10,FLAT,46.69,0.0319,75.53,BELOW_EMA9,19.64,18.49
2026-02-17,DOWN,6822.85,0.04,FLAT,42.52,0.0346,78.15,BELOW_EMA9,21.91,18.37
2026-02-13,DOWN,6836.17,0.03,FLAT,43.58,0.0328,82.90,BELOW_EMA9,20.60,18.02
2026-02-12,DOWN,6832.76,-1.79,DOWN,43.24,0.0313,82.56,BELOW_EMA9,20.82,17.76
2026-02-11,UP,6941.47,-0.50,DOWN,52.53,0.0291,77.43,ABOVE_EMA9,17.65,17.45
2026-02-10,UP,6941.81,-0.47,DOWN,52.56,0.0295,77.12,ABOVE_EMA9,17.79,17.43
2026-02-09,DOWN,6964.82,0.69,UP,54.70,0.0301,79.26,ABOVE_EMA9,17.36,17.40
2026-02-06,UP,6932.30,1.70,UP,52.14,0.0302,79.65,ABOVE_EMA9,20.37,17.40
2026-02-05,FLAT,6798.40,-0.57,DOWN,38.93,0.0302,74.50,BELOW_EMA9,21.77,17.11
2026-02-04,FLAT,6882.72,-0.60,DOWN,46.42,0.0250,72.34,BELOW_EMA9,18.64,16.64
2026-02-03,FLAT,6917.81,-0.97,DOWN,50.15,0.0241,70.42,BELOW_EMA9,18.00,16.44
2026-02-02,UP,6976.44,0.86,UP,57.29,0.0244,65.76,ABOVE_EMA9,16.34,16.28
2026-01-30,UP,6939.03,-0.12,FLAT,53.36,0.0255,64.85,BELOW_EMA9,17.44,16.28
2026-01-29,UP,6969.01,-0.13,FLAT,57.29,0.0276,64.03,ABOVE_EMA9,16.88,16.16
2026-01-28,UP,6978.03,-0.34,DOWN,58.49,0.0271,59.57,ABOVE_EMA9,16.35,16.09
2026-01-27,UP,6978.60,0.18,FLAT,58.56,0.0261,61.17,ABOVE_EMA9,16.35,16.06
2026-01-26,FLAT,6950.23,0.39,UP,56.06,0.0249,62.90,ABOVE_EMA9,16.15,16.03
2026-01-23,UP,6915.61,0.11,FLAT,52.82,0.0246,63.97,ABOVE_EMA9,16.09,16.02
2026-01-22,UP,6913.35,-0.02,FLAT,52.61,0.0246,66.01,ABOVE_EMA9,15.64,16.02
2026-01-21,FLAT,6875.62,0.95,UP,49.08,0.0250,66.54,BELOW_EMA9,16.90,16.05
2026-01-20,FLAT,6796.86,-1.00,DOWN,40.47,0.0265,62.92,BELOW_EMA9,20.09,15.97
2026-01-16,FLAT,6940.01,-0.29,DOWN,56.63,0.0282,56.15,ABOVE_EMA9,15.86,15.56
2026-01-15,FLAT,6944.47,-0.36,DOWN,57.29,0.0364,57.22,ABOVE_EMA9,15.84,15.53
2026-01-14,FLAT,6926.60,-0.16,FLAT,55.35,0.0379,57.56,BELOW_EMA9,16.75,15.49
2026-01-13,FLAT,6963.74,-0.20,FLAT,60.67,0.0387,55.99,ABOVE_EMA9,15.98,15.37
2026-01-12,FLAT,6977.27,0.48,UP,62.71,0.0379,56.68,ABOVE_EMA9,15.12,15.31
2026-01-09,FLAT,6966.28,0.56,UP,61.74,0.0357,57.02,ABOVE_EMA9,14.49,15.33
2026-01-08,FLAT,6921.46,0.11,FLAT,57.55,0.0337,56.74,ABOVE_EMA9,15.45,15.41
2026-01-07,FLAT,6920.93,-0.35,DOWN,57.50,0.0332,58.64,ABOVE_EMA9,15.38,15.41
2026-01-06,FLAT,6944.82,0.53,UP,60.55,0.0324,59.58,ABOVE_EMA9,14.75,15.41
2026-01-05,FLAT,6902.05,0.14,FLAT,56.74,0.0306,60.57,ABOVE_EMA9,14.90,15.47
2026-01-02,UP,6858.47,-0.29,DOWN,52.39,0.0300,60.47,BELOW_EMA9,14.51,15.53
2025-12-31,UP,6845.50,-0.77,DOWN,51.03,0.0300,59.69,BELOW_EMA9,14.95,15.63
2025-12-30,FLAT,6896.24,-0.06,FLAT,56.94,0.0302,59.91,ABOVE_EMA9,14.33,15.70
2025-12-29,FLAT,6905.74,0.03,FLAT,58.11,0.0302,63.00,ABOVE_EMA9,14.20,15.84
2025-12-26,UP,6929.94,-0.09,FLAT,61.08,0.0293,64.67,ABOVE_EMA9,13.60,16.00
2025-12-24,FLAT,6932.05,0.39,UP,61.33,0.0275,67.79,ABOVE_EMA9,13.47,16.24
2025-12-23,UP,6909.79,0.54,UP,59.69,0.0264,70.51,ABOVE_EMA9,14.00,16.52
2025-12-22,UP,6878.49,0.19,FLAT,57.33,0.0292,72.70,ABOVE_EMA9,14.08,16.77
2025-12-19,UP,6834.50,0.62,UP,53.80,0.0398,74.63,ABOVE_EMA9,14.91,17.04
2025-12-18,DOWN,6774.76,-0.05,FLAT,48.41,0.0527,75.36,BELOW_EMA9,16.87,17.26
2025-12-17,UP,6721.43,-1.20,DOWN,42.89,0.0563,73.87,BELOW_EMA9,17.62,17.29
2025-12-16,FLAT,6800.26,0.00,FLAT,50.28,0.0600,72.49,BELOW_EMA9,16.48,17.26
2025-12-15,FLAT,6816.51,-0.64,DOWN,51.99,0.0617,73.48,BELOW_EMA9,16.50,17.34
2025-12-12,UP,6827.41,-0.86,DOWN,53.12,0.0617,74.51,BELOW_EMA9,15.74,17.42
2025-12-11,UP,6901.00,0.58,UP,61.47,0.0614,72.61,ABOVE_EMA9,14.85,17.59
2025-12-10,UP,6886.68,0.78,UP,60.34,0.0599,72.81,ABOVE_EMA9,15.77,17.87
2025-12-09,UP,6840.51,0.00,FLAT,56.54,0.0587,72.57,ABOVE_EMA9,16.93,18.08
2025-12-08,FLAT,6846.51,-0.42,DOWN,57.20,0.0585,76.04,ABOVE_EMA9,16.66,18.19
2025-12-05,UP,6870.40,0.06,FLAT,59.79,0.0576,77.96,ABOVE_EMA9,15.41,18.35
2025-12-04,FLAT,6857.12,-0.14,FLAT,58.83,0.0558,80.98,ABOVE_EMA9,15.78,18.64
2025-12-03,UP,6849.72,0.51,UP,58.31,0.0543,84.18,ABOVE_EMA9,16.08,18.92
2025-12-02,UP,6829.37,-0.02,FLAT,56.93,0.0526,86.66,ABOVE_EMA9,16.59,19.21
2025-12-01,UP,6812.63,0.00,FLAT,55.81,0.0534,89.87,ABOVE_EMA9,17.24,19.47
2025-11-28,UP,6849.09,0.39,UP,58.90,0.0541,93.01,ABOVE_EMA9,16.35,19.69
2025-11-26,UP,6812.61,0.28,UP,56.68,0.0533,97.22,ABOVE_EMA9,17.19,20.03
2025-11-25,UP,6765.88,1.03,UP,53.69,0.0559,99.65,ABOVE_EMA9,18.56,20.31
2025-11-24,UP,6705.12,1.03,UP,49.49,0.0588,98.36,ABOVE_EMA9,20.52,20.49
2025-11-21,DOWN,6602.99,0.72,UP,41.16,0.0603,97.26,BELOW_EMA9,23.43,20.48
2025-11-20,FLAT,6538.76,-2.96,DOWN,34.88,0.0562,94.11,BELOW_EMA9,26.42,20.19
2025-11-19,FLAT,6642.16,0.25,UP,41.50,0.0467,83.17,BELOW_EMA9,23.66,19.57
2025-11-18,DOWN,6617.32,-0.36,DOWN,38.91,0.0442,82.94,BELOW_EMA9,24.69,19.16
2025-11-17,UP,6672.41,-0.61,DOWN,42.81,0.0387,81.77,BELOW_EMA9,22.38,18.60
2025-11-14,DOWN,6734.11,0.93,UP,47.78,0.0361,79.17,BELOW_EMA9,19.83,18.23
2025-11-13,UP,6737.49,-1.30,DOWN,48.06,0.0391,75.46,BELOW_EMA9,20.00,18.07
2025-11-12,UP,6850.92,-0.25,DOWN,58.98,0.0439,71.55,ABOVE_EMA9,17.51,17.87
2025-11-11,UP,6846.61,0.45,UP,58.65,0.0454,73.96,ABOVE_EMA9,17.28,17.91
2025-11-10,UP,6832.43,0.69,UP,57.60,0.0474,75.94,ABOVE_EMA9,17.60,17.97
2025-11-07,UP,6728.80,0.49,UP,48.81,0.0487,73.12,BELOW_EMA9,19.08,18.01
2025-11-06,UP,6720.32,-0.99,DOWN,47.99,0.0554,71.16,BELOW_EMA9,19.50,17.90
2025-11-05,UP,6796.29,0.39,UP,55.36,0.0553,69.77,BELOW_EMA9,18.01,17.74
2025-11-04,UP,6771.55,-0.25,DOWN,53.19,0.0550,70.01,BELOW_EMA9,19.00,17.71
2025-11-03,UP,6851.97,-0.44,DOWN,62.36,0.0550,68.84,ABOVE_EMA9,17.17,17.59
2025-10-31,UP,6840.20,-0.57,DOWN,61.46,0.0531,69.39,ABOVE_EMA9,17.44,17.63
2025-10-30,UP,6822.34,-0.56,DOWN,60.11,0.0514,69.73,ABOVE_EMA9,16.91,17.65
2025-10-29,UP,6890.59,-0.29,DOWN,68.63,0.0500,69.72,ABOVE_EMA9,16.92,17.72
2025-10-28,UP,6890.89,-0.10,FLAT,68.67,0.0448,69.82,ABOVE_EMA9,16.42,17.80
2025-10-27,UP,6875.16,0.43,UP,67.77,0.0383,72.06,ABOVE_EMA9,15.79,17.94
2025-10-24,UP,6791.69,0.29,UP,62.39,0.0312,71.02,ABOVE_EMA9,16.37,18.15
2025-10-23,UP,6738.44,0.52,UP,58.26,0.0291,71.21,ABOVE_EMA9,17.30,18.33
2025-10-22,UP,6699.40,-0.62,DOWN,54.89,0.0304,72.83,ABOVE_EMA9,18.60,18.43
2025-10-21,UP,6735.35,-0.02,FLAT,58.96,0.0309,71.81,ABOVE_EMA9,17.87,18.42
2025-10-20,UP,6735.13,0.67,UP,58.94,0.0301,75.02,ABOVE_EMA9,18.23,18.47
2025-10-17,FLAT,6664.01,0.77,UP,53.00,0.0291,74.61,ABOVE_EMA9,20.78,18.50
2025-10-16,UP,6629.07,-0.90,DOWN,49.67,0.0291,74.57,BELOW_EMA9,25.31,18.27
2025-10-15,UP,6671.06,-0.26,DOWN,53.93,0.0290,71.43,ABOVE_EMA9,20.64,17.56
2025-10-14,UP,6644.31,0.63,UP,51.47,0.0306,68.31,BELOW_EMA9,20.81,17.25
2025-10-13,UP,6654.72,0.49,UP,52.48,0.0316,63.90,BELOW_EMA9,19.03,16.90
2025-10-10,UP,6552.51,-2.79,DOWN,42.09,0.0323,59.88,BELOW_EMA9,21.66,16.69
2025-10-09,UP,6735.11,-0.38,DOWN,66.05,0.0305,48.20,ABOVE_EMA9,16.43,16.19
2025-10-08,UP,6753.72,0.44,UP,69.81,0.0309,48.19,ABOVE_EMA9,16.30,16.16
2025-10-07,UP,6714.59,-0.47,DOWN,66.03,0.0326,48.74,ABOVE_EMA9,17.24,16.15
2025-10-06,FLAT,6740.28,0.10,FLAT,71.48,0.0360,48.29,ABOVE_EMA9,16.37,16.04
2025-10-03,UP,6715.79,-0.09,FLAT,69.23,0.0381,49.41,ABOVE_EMA9,16.65,16.01
2025-10-02,UP,6715.35,-0.24,DOWN,69.19,0.0407,49.74,ABOVE_EMA9,16.63,15.94
2025-10-01,UP,6711.20,0.69,UP,68.83,0.0409,50.58,ABOVE_EMA9,16.29,15.88
2025-09-30,UP,6688.46,0.48,UP,66.87,0.0432,49.68,ABOVE_EMA9,16.28,15.83
2025-09-29,UP,6661.21,-0.01,FLAT,64.37,0.0471,49.64,ABOVE_EMA9,16.12,15.79
2025-09-26,UP,6643.70,0.43,UP,62.69,0.0482,50.87,ABOVE_EMA9,15.29,15.76
2025-09-25,UP,6604.72,-0.05,FLAT,58.66,0.0478,51.36,BELOW_EMA9,16.74,15.80
2025-09-24,UP,6637.97,-0.48,DOWN,64.14,0.0486,50.02,ABOVE_EMA9,16.18,15.71
2025-09-23,UP,6656.92,-0.53,DOWN,67.49,0.0486,49.96,ABOVE_EMA9,16.64,15.66
2025-09-22,UP,6693.75,0.59,UP,74.49,0.0481,49.65,ABOVE_EMA9,16.10,15.57
2025-09-19,UP,6664.36,0.26,UP,72.37,0.0436,49.56,ABOVE_EMA9,15.45,15.51
2025-09-18,UP,6631.96,0.08,FLAT,69.79,0.0437,50.18,ABOVE_EMA9,15.70,15.52
2025-09-17,DOWN,6600.35,-0.07,FLAT,67.00,0.0427,49.70,ABOVE_EMA9,15.72,15.50
2025-09-16,UP,6606.76,-0.26,DOWN,68.19,0.0417,47.89,ABOVE_EMA9,16.36,15.48
2025-09-15,UP,6615.28,0.18,FLAT,69.71,0.0386,49.50,ABOVE_EMA9,15.69,15.39
2025-09-12,UP,6584.29,-0.10,FLAT,67.24,0.0337,50.59,ABOVE_EMA9,14.76,15.36
2025-09-11,UP,6587.47,0.50,UP,67.77,0.0298,52.89,ABOVE_EMA9,14.71,15.42
2025-09-10,DOWN,6532.04,-0.28,DOWN,63.09,0.0244,52.28,ABOVE_EMA9,15.35,15.49
2025-09-09,UP,6512.61,0.14,FLAT,61.26,0.0223,52.96,ABOVE_EMA9,15.04,15.51
2025-09-08,UP,6495.15,-0.05,FLAT,59.59,0.0235,54.33,ABOVE_EMA9,15.11,15.55
